<?xml version="1.0" encoding="utf-8"?>
<!-- Splash screen file, saved 5/2/2017 3:55:09 PM by Марина using CourseLab 090219 -->
<splash>
<settings>
<showsplash>yes</showsplash>
</settings>
<data>
<![CDATA[<img src="images/min_red_splash.jpg" style="position:absolute;left:0px;top:0px;width:792px;height:536px;"/><div style="position:absolute;left:300px;top:470px;width:196px;height:37px;"><img border="0" style="cursor:hand;cursor:pointer;" src="images/min_red_button_go.gif" onclick="this.src = 'images/min_red_button_wait.gif';StartModule();return false;"   /></div><div style="position:absolute;left:0px;top:326px;width:780px;height:92px;"><P align=center><SPAN style="FONT-SIZE: 24px; FONT-FAMILY: Arial; COLOR: #fffffe"><FONT color=#000000 size=3 face="Times New Roman"><SPAN style="FONT-SIZE: 36px; COLOR: #ffffff">Создание интерфейса веб-приложений для людей с нарушением зрения</SPAN></FONT></SPAN></P></div>]]>
</data>
</splash>
