<?xml version="1.0" encoding="utf-8" ?>
<!-- This is a SCORM 2004 manifest file, created 5/2/2017 3:55:36 PM by Марина using CourseLab 090219 -->
<manifest xmlns="http://www.imsglobal.org/xsd/imscp_v1p1" xmlns:xsi="http://www.w3.org/2001/XMLSchema-instance" xmlns:adlcp="http://www.adlnet.org/xsd/adlcp_v1p3" xmlns:imsss="http://www.imsglobal.org/xsd/imsss" xmlns:adlseq="http://www.adlnet.org/xsd/adlseq_v1p3" xmlns:adlnav="http://www.adlnet.org/xsd/adlnav_v1p3" identifier="MANIFEST-5E8E85FE_293F_4658_BE21_3D364E0E0BB6" xsi:schemaLocation="http://www.imsglobal.org/xsd/imscp_v1p1 imscp_v1p1.xsd http://www.adlnet.org/xsd/adlcp_v1p3 adlcp_v1p3.xsd http://www.imsglobal.org/xsd/imsss imsss_v1p0.xsd http://www.adlnet.org/xsd/adlseq_v1p3 adlseq_v1p3.xsd http://www.adlnet.org/xsd/adlnav_v1p3 adlnav_v1p3.xsd" version="1.0">
<metadata>
<schema>ADL SCORM</schema>
<schemaversion>CAM 1.3</schemaversion>
</metadata>
<organizations default="Web-interface">
<organization identifier="Web-interface">
<title>Исследование инструментов и методик создания интерфейса веб-приложений для людей с нарушением зрения</title>
<item identifier="Создание интерфейса веб-приложений для людей с нарушением зрения" identifierref="RES1" parameters="?width=792&amp;height=536">
<title>First</title>
</item>
</organization>
</organizations>
<resources>
<resource identifier="RESCOURSEIMAGES" adlcp:scormType="asset" type="webcontent">
<file href="courseimages/agenthub.swf"/>
<file href="courseimages/courselab.js"/>
<file href="courseimages/legacy.js"/>
<file href="courseimages/lms.js"/>
</resource>
<resource identifier="RES1" adlcp:scormType="sco" href="1/start.html" type="webcontent">
<file href="1/module.js"/>
<file href="1/start.html"/>
<file href="1/splash.xml"/>
<file href="1/runtime.xml"/>
<file href="1/images/1blank.gif"/>
<file href="1/images/azimuth.jpg"/>
<file href="1/images/contents_bullet_1.gif"/>
<file href="1/images/course.css"/>
<file href="1/images/cursor_arrow.gif"/>
<file href="1/images/cursor_click.gif"/>
<file href="1/images/min_red_button_go.gif"/>
<file href="1/images/min_red_button_wait.gif"/>
<file href="1/images/min_red_close_btn.gif"/>
<file href="1/images/min_red_contents_dis.gif"/>
<file href="1/images/min_red_cont_off.gif"/>
<file href="1/images/min_red_cont_on.gif"/>
<file href="1/images/min_red_help_dis.gif"/>
<file href="1/images/min_red_hlp_off.gif"/>
<file href="1/images/min_red_hlp_on.gif"/>
<file href="1/images/min_red_next_disabled.gif"/>
<file href="1/images/min_red_next_off.gif"/>
<file href="1/images/min_red_next_on.gif"/>
<file href="1/images/min_red_prev_disabled.gif"/>
<file href="1/images/min_red_prev_off.gif"/>
<file href="1/images/min_red_prev_on.gif"/>
<file href="1/images/min_red_refresh_dis.gif"/>
<file href="1/images/min_red_refresh_off.gif"/>
<file href="1/images/min_red_refresh_on.gif"/>
<file href="1/images/min_red_splash.jpg"/>
<file href="1/images/nav_021_contents/red/f_closed.gif"/>
<file href="1/images/nav_021_contents/red/f_open.gif"/>
<file href="1/images/nav_021_contents/red/icon_current.gif"/>
<file href="1/images/nav_021_contents/red/icon_unvisited.gif"/>
<file href="1/images/nav_021_contents/red/icon_visited.gif"/>
<file href="1/images/q_099_test/basic/lightblue/button_check_0.gif"/>
<file href="1/images/q_099_test/basic/lightblue/button_check_1.gif"/>
<file href="1/images/q_099_test/basic/lightblue/button_next_0.gif"/>
<file href="1/images/q_099_test/basic/lightblue/button_next_1.gif"/>
<file href="1/images/q_099_test/basic/lightblue/button_skip_0.gif"/>
<file href="1/images/q_099_test/basic/lightblue/button_skip_1.gif"/>
<file href="1/images/q_099_test/basic/lightblue/choice_spot_1_0.gif"/>
<file href="1/images/q_099_test/basic/lightblue/choice_spot_1_2.gif"/>
<file href="1/images/q_099_test/basic/lightblue/range_spot_down_0.gif"/>
<file href="1/images/q_099_test/basic/lightblue/range_spot_down_1.gif"/>
<file href="1/images/q_099_test/basic/lightblue/range_spot_up_0.gif"/>
<file href="1/images/q_099_test/basic/lightblue/range_spot_up_1.gif"/>
<file href="1/images/q_099_test/basic/lightblue/select_spot_1_0.gif"/>
<file href="1/images/q_099_test/basic/lightblue/select_spot_1_2.gif"/>
<file href="1/images/q_102_resultbyscale/1blank.gif"/>
<dependency identifierref="RESCOURSEIMAGES"/>
</resource>
</resources>
</manifest>